<?xml version="1.0" encoding="UTF-8"?>
<Configuration status="WARN" monitorInterval="30">
 
    <!-- Logging Properties -->
    <Properties>
        <Property name="LOG_PATTERN">[%-5level] %d{yyyy-MM-dd HH:mm:ss.SSS} [%t] %c:%L - %msg%n</Property>
        <Property name="APP_LOG_ROOT">../temp/log</Property>
    </Properties>
     
    <Appenders>
     
        <!-- Console Appender -->
        <Console name="Console" target="SYSTEM_OUT" follow="true">
			<ThresholdFilter level="INFO" onMatch="ACCEPT" onMismatch="DENY"/>
            <PatternLayout pattern="${LOG_PATTERN}"/>
        </Console>
         
        <!-- File Appenders on need basis -->
        <RollingFile name="debugLog" fileName="${APP_LOG_ROOT}/amaze-debug.log"
            filePattern="${APP_LOG_ROOT}/amaze-debug-%d{yyyy-MM-dd}-%i.log">
            <LevelRangeFilter minLevel="DEBUG" maxLevel="DEBUG" onMatch="ACCEPT" onMismatch="DENY"/>
            <PatternLayout pattern="${LOG_PATTERN}"/>
            <Policies>
                <SizeBasedTriggeringPolicy size="10MB" />
            </Policies>
            <DefaultRolloverStrategy max="10"/>
        </RollingFile>
         
        <RollingFile name="infoLog" fileName="${APP_LOG_ROOT}/amaze-info.log"
            filePattern="${APP_LOG_ROOT}/amaze-info-%d{yyyy-MM-dd}-%i.log" >
            <LevelRangeFilter minLevel="INFO" maxLevel="INFO" onMatch="ACCEPT" onMismatch="DENY"/>
            <PatternLayout pattern="${LOG_PATTERN}"/>
            <Policies>
                <SizeBasedTriggeringPolicy size="10MB" />
            </Policies>
            <DefaultRolloverStrategy max="10"/>
        </RollingFile>
         
        <RollingFile name="errorLog" fileName="${APP_LOG_ROOT}/amaze-error.log"
            filePattern="${APP_LOG_ROOT}/amaze-error-%d{yyyy-MM-dd}-%i.log" >
            <LevelRangeFilter minLevel="ERROR" maxLevel="ERROR" onMatch="ACCEPT" onMismatch="DENY"/>
            <PatternLayout pattern="${LOG_PATTERN}"/>
            <Policies>
                <SizeBasedTriggeringPolicy size="10MB" />
            </Policies>
            <DefaultRolloverStrategy max="10"/>
        </RollingFile>
         
    </Appenders>
 
    <Loggers>
     
		<Logger name="org.apache.http.wire" additivity="false" level="WARN">
			   <AppenderRef ref="errorLog" />
        </Logger>
         
        <Logger name="org.hibernate" additivity="false" level="WARN">
            <AppenderRef ref="errorLog" />
        </Logger>
        <Root level="DEBUG">
			<AppenderRef ref="debugLog" />
			<AppenderRef ref="infoLog"  />
            <AppenderRef ref="errorLog" />
			<AppenderRef ref="Console"/>
        </Root>
 
    </Loggers>
 
</Configuration>

