{
	"default": {
		"spring.application.name": "",
		"spring.application.id": "",
		"spring.config.import": "optional:configserver:",
		"photon.logging.config.tcp.url": "REPLACE_URL",
		"photon.cxf.jaxws.services.$$SOAP_SERVICE_NAME$$.logging.enable": true,
		"photon.cxf.jaxws.services.$$SOAP_SERVICE_NAME$$.logging.pretty-logging": true,
		"photon.cxf.jaxws.services.$$SOAP_SERVICE_NAME$$.logging.with-payload": true,
		"photon.cxf.jaxws.services.$$SOAP_SERVICE_NAME$$.address": "REPLACE_ADDRESS",
		"photon.cxf.jaxws.services.$$SOAP_SERVICE_NAME$$.port-type": "REPLACE_PORT_TYPE",
		"photon.cxf.jaxws.services.$$SOAP_SERVICE_NAME$$.connect-timeout": "REPLACE_TIME_OUT",
		"management.endpoints.web.exposure.include": "metrics",
		"management.endpoints.metrics.enabled": "true",
		"management.tracing.enabled": "false",
		"security.oauth2.enabled": false,
		"security.oauth2.resource.id": "<resource>",
		"security.oauth2.resource.jwk.key-set-uri": "<resource>",
		"security.oauth2.client.client-id": "<client id>",
		"security.oauth2.client.access-token-uri": "<access token uri>",
		"security.oauth2.client.key-alias": "<key-alias>",
		"security.basic.enabled": false,
		"security.basic.authorize-mode": "none",
		"security.basic.authorize-mode.sample": "none",
		"spring.profiles.group.default": ["basic-auth"],
		"spring.profiles.group.ida-local": ["ida"],
		"spring.profiles.group.dev": ["ida"],
		"spring.profiles.group.test": ["ida"],
		"spring.profiles.group.prod": ["ida"]
	},
	"database": {
		"spring.datasource.driver-class-name": "",
		"spring.datasource.url": "URL",
		"spring.datasource.username": "USER"
	},
	"cache": {
		"jms.timeoutinmills": 20000,
		"jms.queue.reply-queue.request_queue": "REPLACE_ME",
		"jms.queue.reply-queue.btl_queue": "REPLACE_ME"
	},
	"security": {
	},
	"dev": {
		"application.env": "DEV",
		"$APP_NAME$-adfs-client.id-anywhere-security.provider-url": "<DEV_PROVIDER_URL>",
		"$APP_NAME$-adfs-client.id-anywhere-security.resource-url": "<RESOURCE_URL>",
		"$APP_NAME$-adfs-client.id-anywhere-security.client-id": "<CLIENT_ID>",
		"$APP_NAME$-adfs-client.id-anywhere-security.encryption-key": "<ENCRYPTION_KEY>"
	},
	"ida-local": {
		"$APP_NAME$-adfs-client.id-anywhere-security.provider-url": "<IDA_PROVIDER_URL>",
		"$APP_NAME$-adfs-client.id-anywhere-security.resource-url": "<RESOURCE_URL>",
		"$APP_NAME$-adfs-client.id-anywhere-security.client-id": "<CLIENT_ID>",
		"$APP_NAME$-adfs-client.id-anywhere-security.encryption-key": "<ENCRYPTION_KEY>"
	},
	"test": {
		"application.env": "TEST",
		"$APP_NAME$-adfs-client.id-anywhere-security.provider-url": "<TEST_PROVIDER_URL>",
		"$APP_NAME$-adfs-client.id-anywhere-security.resource-url": "<RESOURCE_URL>",
		"$APP_NAME$-adfs-client.id-anywhere-security.client-id": "<CLIENT_ID>",
		"$APP_NAME$-adfs-client.id-anywhere-security.encryption-key": "<ENCRYPTION_KEY>"
	},
	"prod": {
		"application.env": "PROD",
		"$APP_NAME$-adfs-client.id-anywhere-security.provider-url": "<PROD_PROVIDER_URL>",
		"$APP_NAME$-adfs-client.id-anywhere-security.resource-url": "<RESOURCE_URL>",
		"$APP_NAME$-adfs-client.id-anywhere-security.client-id": "<CLIENT_ID>",
		"$APP_NAME$-adfs-client.id-anywhere-security.encryption-key": "<ENCRYPTION_KEY>"
	}
}