<vendors>
	<vendor>
		<name>Oracle</name>
		<driverVersion>18.3</driverVersion>
		<maxDBVersionSupported>18.3</maxDBVersionSupported>
	</vendor>
	<vendor>
		<name>DB2</name>
		<driverVersion>4.25.13</driverVersion>
		<maxDBVersionSupported>11.5</maxDBVersionSupported>
	</vendor>
	<vendor>
		<name>SqlServer</name>
		<driverVersion>8.2.0.0</driverVersion>
		<maxDBVersionSupported>14.0</maxDBVersionSupported>
	</vendor>
	<vendor>
		<name>Sybase</name>
		<driverVersion>1.3.1</driverVersion>
		<maxDBVersionSupported>16.0</maxDBVersionSupported>
	</vendor>
</vendors>