{
    "recipes": [
        {
            "name": "UseVarForListDecl",
            "description": "Convert local List<T> declarations to `var` when they have an initializer.",
            "steps": [
                {
                    "match": {
                        "nodeType": "VariableDeclarationExpr",
                        "type": "java.util.List",
                        "requireInitializer": true
                    },
                    "actions": [
                        {
                            "changeType": {
                                "newType": "var"
                            }
                        }
                    ]
                }
            ]
        },
        {
            "name": "ReplaceDateWithLocalDateTime",
            "description": "Replace Date with LocalDateTime and new Date() with LocalDateTime.now().",
            "rollbackOnError": "TypeCompatibilityRule",
            "imports": {
                "add": [
                    "java.time.LocalDateTime"
                ],
                "remove": []
            },
            "steps": [
                {
                    "match": {
                        "nodeType": "ObjectCreationExpr",
                        "fqn": "java.util.Date"
                    },
                    "actions": [
                        {
                            "replaceWithMethodCall": {
                                "scope": "LocalDateTime",
                                "method": "now"
                            }
                        }
                    ]
                },
                {
                    "match": {
                        "nodeType": "VariableDeclarationExpr",
                        "type": "java.util.Date"
                    },
                    "actions": [
                        {
                            "changeType": {
                                "newType": "java.time.LocalDateTime"
                            }
                        }
                    ]
                },
                {
                    "match": {
                        "nodeType": "Parameter",
                        "type": "java.util.Date"
                    },
                    "actions": [
                        {
                            "changeType": {
                                "newType": "java.time.LocalDateTime"
                            }
                        }
                    ]
                },
                {
                    "match": {
                        "nodeType": "MethodCallExpr",
                        "methodName": "awaitUntil",
                        "argumentType": "java.time.LocalDateTime",
                        "expectedParamType": "java.util.Date"
                    },
                    "actions": [
                        {
                            "wrapArgument": {
                                "template": "Date.from($ARG$.atZone(ZoneId.systemDefault()).toInstant())",
                                "addImports": [
                                    "java.util.Date",
                                    "java.time.ZoneId"
                                ]
                            }
                        }
                    ]
                }
            ]
        },
        {
            "name": "UseCopyOfForUnmodifiableList",
            "description": "Replace Collections.unmodifiableList(...) with List.copyOf(...).",
            "imports": {
                "add": [
                    "java.util.List"
                ],
                "remove": [
                    "java.util.Collections"
                ]
            },
            "steps": [
                {
                    "match": {
                        "nodeType": "MethodCallExpr",
                        "methodName": "unmodifiableList",
                        "fqn": "java.util.Collections"
                    },
                    "actions": [
                        {
                            "replaceWithMethodCall": {
                                "scope": "List",
                                "method": "copyOf"
                            }
                        }
                    ]
                }
            ]
        },
        {
            "name": "UseListOfForAsList",
            "description": "Replace Arrays.asList(...) with List.of(...).",
            "imports": {
                "add": [
                    "java.util.List",
                    "java.util.List.of"
                ],
                "remove": [
                    "java.util.Arrays"
                ]
            },
            "steps": [
                {
                    "match": {
                        "nodeType": "MethodCallExpr",
                        "methodName": "asList",
                        "fqn": "java.util.Arrays"
                    },
                    "actions": [
                        {
                            "replaceWithMethodCall": {
                                "scope": "List",
                                "method": "of"
                            }
                        }
                    ]
                }
            ]
        },
        {
            "name": "UseSwitchReturnExpression",
            "description": "Convert switch statements into a single return switch‐expression.",
            "rollbackOnError": "SwitchExpressionCompletenessRule",
            "steps": [
                {
                    "match": {
                        "nodeType": "SwitchStmt"
                    },
                    "actions": [
                        {
                            "switchToReturnExpression": {}
                        }
                    ]
                }
            ]
        },
        {
            "name": "UseEnhancedFor",
            "description": "Rewrite classic for‐loops over arrays or lists into enhanced for‐each loops.",
            "rollbackOnError": "EnhancedForUsageRule",
            "steps": [
                {
                    "match": {
                        "nodeType": "ForStmt",
                        "initVarPattern": "i",
                        "conditionPattern": "i < \\w+\\.(?:length|size\\(\\))",
                        "updatePattern": "\\+\\+i|i\\+\\+|i\\s*\\+=\\s*1",
                        "accessPattern": "\\w+(?:\\[i\\]|\\.get\\(i\\))"
                    },
                    "actions": [
                        {
                            "forToForEach": {}
                        }
                    ]
                }
            ]
        },
        {
            "name": "UseRequireNonNullElse",
            "description": "Replace Optional.ofNullable(x).orElse(y) with Objects.requireNonNullElse(x,y).",
            "steps": [
                {
                    "match": {
                        "nodeType": "MethodCallExpr",
                        "scopePattern": "Optional\\.ofNullable",
                        "methodName": "orElse"
                    },
                    "actions": [
                        {
                            "replaceWithMethodCall": {
                                "scope": "Objects",
                                "method": "requireNonNullElse",
                                "unwrapScopeArg": "true"
                            }
                        },
                        {
                            "addImport": {
                                "name": "java.util.Objects"
                            }
                        }
                    ]
                }
            ]
        },
        {
            "name": "UseIntegerSumFor1Plus2",
            "description": "Replace the literal `1 + 2` with `Integer.sum(1, 2)`.",
            "imports": {
                "add": [
                    "java.lang.Integer"
                ]
            },
            "steps": [
                {
                    "match": {
                        "nodeType": "BinaryExpr",
                        "operator": "+",
                        "literalPattern": "1\\s*\\+\\s*2"
                    },
                    "actions": [
                        {
                            "replaceWithTemplate": {
                                "template": "Integer.sum(1, 2)"
                            }
                        }
                    ]
                }
            ]
        },
        {
            "name": "UseLineSeparator",
            "description": "Replace `System.getProperty(\"line.separator\")` with `System.lineSeparator()`.",
            "steps": [
                {
                    "match": {
                        "nodeType": "MethodCallExpr",
                        "scopePattern": "System",
                        "methodName": "getProperty",
                        "matchExpr": "System\\.getProperty\\(\"line\\.separator\"\\)"
                    },
                    "actions": [
                        {
                            "replaceWithMethodCall": {
                                "scope": "System",
                                "method": "lineSeparator"
                            }
                        }
                    ]
                }
            ]
        }        
    ]
}