{
    "recipes": [
        {
            "name": "ChangeJavaxXmlToJakartaImports",
            "description": "Change javax.xml.* to jakarta.xml.*",
            "steps": [
                {
                    "match": {
                        "nodeType": "ImportDeclaration",
                        "matchExpr": "javax\\.xml"
                    },
                    "actions": [
                        {
                          "replacePackage": {
                            "oldPackage": "javax.xml",
                            "newPackage": "jakarta.xml"
                          }
                        }
                    ]
                }
            ]
        },
        {
            "name": "ChangeJavaxXmlToJakartaImports",
            "description": "Change javax.xml.* to jakarta.xml.*",
            "steps": [
                {
                    "match": {
                        "nodeType": "ImportDeclaration",
                        "matchExpr": "javax\\.persistence"
                    },
                    "actions": [
                        {
                            "replacePackage": {
                              "oldPackage": "javax.persistence",
                              "newPackage": "jakarta.persistence"
                            }
                        }
                    ]
                }
            ]
        }
    ]
}