{
    "enableJavaUpgrade": true,
    "recipeList": [
        "org.openrewrite.java.migrate.UpgradeToJava17",
        "org.openrewrite.java.migrate.jakarta.JavaxMigrationToJakarta",
        "org.openrewrite.java.testing.junit5.JUnit5BestPractices",
        "org.openrewrite.java.spring.boot3.UpgradeSpringBoot_3_3"
    ],
    "plugin": {
        "groupId": "org.openrewrite.maven",
        "artifactId": "rewrite-maven-plugin",
        "version": "6.4.0"
    },
    "dependencies": [
        {
            "groupId": "org.openrewrite.recipe",
            "artifactId": "rewrite-migrate-java",
            "version": "3.5.0"
        },
        {
            "groupId": "org.openrewrite.recipe",
            "artifactId": "rewrite-spring",
            "version": "6.3.0"
        }
    ]
}