{
    "recipes": [
        {
            "name": "MigrateCustomHealthCheck",
            "description": "Spring Boot HealthIndicator",
            "rollbackOnError": false,
            "imports": {
                "add": [
                    "org.springframework.boot.actuate.health.HealthIndicator",
                    "org.springframework.boot.actuate.health.Health"
                ],
                "remove": [
                    "org.springframework.stereotype.HealthIndication",
                    "org.springframework.stereotype.HealthIndicationStatus"
                ]
            },
            "steps": [
                {
                    "match": {
                        "nodeType": "Parameter",
                        "typeAny": ["AuthorService"]
                    },
                    "actions": [
                        {
                            "refactorVariable": {
                                "type": "AuthorService",
                                "newVarName": "someSvc"
                            }
                        }
                    ]
                },
                {
                    "match": {
                        "nodeType": "MethodDeclaration",
                        "annotation": "ApiDocs"
                    },
                    "actions": [
                        {
                            "migrateNestedAnnotations": {
                                "from": "ApiDocs",
                                "to": "ApiResponses",
                                "attributeMap": {
                                    "params": "value"
                                }
                            }
                        }
                    ]
                },
                {
                    "match": {
                        "nodeType": "ClassOrInterfaceDeclaration",
                        "matchExpr": "extends Controller"
                    },
                    "actions": [
                        {
                            "updateExtends": {
                                "remove": "Controller",
                                "add": "RestController"
                            }
                        }
                    ]
                },
                {
                    "match": {
                        "nodeType": "ClassOrInterfaceDeclaration",
                        "namePattern": "AuthorController"
                    },
                    "actions": [
                        {
                            "updateImplements": {
                                "remove": "AuthorControllerInterface",
                                "add": "SomeInterface"
                            }
                        }
                    ]
                }
            ]
        }
    ]
}